image_name,state,utime,date_part,federation_member
LT52170642008217CUB00,running,2017-06-01 14:49:49.785599,1496328589.7856,manager.naf.ufscar.br
LT52160651989093CUB00,running,2017-06-01 14:49:49.808116,1496328589.80812,experimento.manager.naf.lsd.ufcg.edu.br
LT52160652004007CUB00,running,2017-06-01 14:51:29.866617,1496328689.86662,experimento.manager.naf.lsd.ufcg.edu.br
LT52170641998221CUB00,running,2017-06-01 14:53:49.968036,1496328829.96804,manager.naf.ufscar.br
LT52150661999322CUB00,running,2017-06-01 14:53:49.988276,1496328829.98828,experimento.manager.naf.lsd.ufcg.edu.br
LT52170641997010CUB00,running,2017-06-01 14:55:20.106812,1496328920.10681,manager.naf.ufscar.br
LT52160651996097CUB00,running,2017-06-01 15:01:30.546233,1496329290.54623,experimento.manager.naf.lsd.ufcg.edu.br
LT52160662004359CUB00,running,2017-06-01 15:03:30.691711,1496329410.69171,experimento.manager.naf.lsd.ufcg.edu.br
LT52160662001046CUB00,running,2017-06-01 15:05:30.856908,1496329530.85691,experimento.manager.naf.lsd.ufcg.edu.br
LT52160662004103CUB00,running,2017-06-01 15:07:31.003362,1496329651.00336,experimento.manager.naf.lsd.ufcg.edu.br
LT52160652006028CUB00,running,2017-06-01 15:09:31.180221,1496329771.18022,experimento.manager.naf.lsd.ufcg.edu.br
LT52160652010119CUB00,running,2017-06-01 15:11:31.360876,1496329891.36088,experimento.manager.naf.lsd.ufcg.edu.br
LT52160661994187CUB00,running,2017-06-01 15:14:31.637402,1496330071.6374,experimento.manager.naf.lsd.ufcg.edu.br
LT52160652005121CUB00,running,2017-06-01 15:16:31.853643,1496330191.85364,experimento.manager.naf.lsd.ufcg.edu.br
LT52150662006309CUB00,running,2017-06-01 15:19:32.174668,1496330372.17467,experimento.manager.naf.lsd.ufcg.edu.br
LT52160662006348CUB00,running,2017-06-01 15:21:32.39733,1496330492.39733,experimento.manager.naf.lsd.ufcg.edu.br
LT52160662004215CUB00,running,2017-06-01 15:26:32.958164,1496330792.95816,experimento.manager.naf.lsd.ufcg.edu.br
LT52160662000300CUB00,running,2017-06-01 15:28:33.196803,1496330913.1968,experimento.manager.naf.lsd.ufcg.edu.br
LT52150662008075CUB00,running,2017-06-01 15:30:43.468032,1496331043.46803,experimento.manager.naf.lsd.ufcg.edu.br
LT52160661994187CUB00,running,2017-06-01 15:32:44.086999,1496331164.087,experimento.manager.naf.lsd.ufcg.edu.br
LT52150662004096CUB00,running,2017-06-01 15:32:44.105838,1496331164.10584,experimento.manager.naf.lsd.ufcg.edu.br
LT52160661996177CUB00,running,2017-06-01 15:35:44.51511,1496331344.51511,experimento.manager.naf.lsd.ufcg.edu.br
LT52160661997195CUB00,running,2017-06-01 15:37:44.805253,1496331464.80525,experimento.manager.naf.lsd.ufcg.edu.br
LT52150662008059CUB00,running,2017-06-01 15:40:45.241332,1496331645.24133,experimento.manager.naf.lsd.ufcg.edu.br
LT52160662006220CUB00,running,2017-06-01 15:49:36.896802,1496332176.8968,experimento.manager.naf.lsd.ufcg.edu.br
LT52170642008217CUB00,finished,2017-06-01 15:56:57.952951,1496332617.95295,manager.naf.ufscar.br
LT52170641998221CUB00,finished,2017-06-01 15:59:18.524787,1496332758.52479,manager.naf.ufscar.br
LT52170641997010CUB00,finished,2017-06-01 16:05:39.617162,1496333139.61716,manager.naf.ufscar.br
LT52160652004007CUB00,finished,2017-06-01 16:22:32.085154,1496334152.08515,experimento.manager.naf.lsd.ufcg.edu.br
LT52160661994187CUB00,running,2017-06-01 16:22:42.980035,1496334162.98004,experimento.manager.naf.lsd.ufcg.edu.br
LT52150661999322CUB00,finished,2017-06-01 16:28:43.736765,1496334523.73676,experimento.manager.naf.lsd.ufcg.edu.br
LT52150662000037CUB00,running,2017-06-01 16:28:54.568776,1496334534.56878,experimento.manager.naf.lsd.ufcg.edu.br
LT52170651994002CUB00,running,2017-06-01 16:30:04.753722,1496334604.75372,manager.naf.ufscar.br
LT52160662001046CUB00,finished,2017-06-01 16:31:44.959413,1496334704.95941,experimento.manager.naf.lsd.ufcg.edu.br
LT52160652003228CUB00,running,2017-06-01 16:31:55.770601,1496334715.7706,experimento.manager.naf.lsd.ufcg.edu.br
LT52170642008361CUB00,running,2017-06-01 16:32:05.795647,1496334725.79565,manager.naf.ufscar.br
LT52170642001213CUB00,running,2017-06-01 16:34:06.084157,1496334846.08416,manager.naf.ufscar.br
LT52160662004359CUB00,finished,2017-06-01 16:36:46.437239,1496335006.43724,experimento.manager.naf.lsd.ufcg.edu.br
LT52160651999329CUB00,running,2017-06-01 16:36:56.918442,1496335016.91844,experimento.manager.naf.lsd.ufcg.edu.br
LT52160652004183CUB00,running,2017-06-01 16:37:07.540518,1496335027.54052,experimento.manager.naf.lsd.ufcg.edu.br
LT52160652010119CUB00,finished,2017-06-01 16:37:27.60054,1496335047.60054,experimento.manager.naf.lsd.ufcg.edu.br
LT52160661994187CUB00,running,2017-06-01 16:37:38.215023,1496335058.21502,experimento.manager.naf.lsd.ufcg.edu.br
LT52160651996097CUB00,finished,2017-06-01 16:39:58.536513,1496335198.53651,experimento.manager.naf.lsd.ufcg.edu.br
LT52150662007024CUB00,running,2017-06-01 16:40:08.995934,1496335208.99593,experimento.manager.naf.lsd.ufcg.edu.br
LT52160662004103CUB00,finished,2017-06-01 16:41:59.232068,1496335319.23207,experimento.manager.naf.lsd.ufcg.edu.br
LT52160662003228CUB00,running,2017-06-01 16:42:09.750083,1496335329.75008,experimento.manager.naf.lsd.ufcg.edu.br
LT52160652006028CUB00,finished,2017-06-01 16:46:00.308861,1496335560.30886,experimento.manager.naf.lsd.ufcg.edu.br
LT52150662008331CUB00,running,2017-06-01 16:46:10.82033,1496335570.82033,experimento.manager.naf.lsd.ufcg.edu.br
LT52160652005121CUB00,finished,2017-06-01 16:50:41.437415,1496335841.43741,experimento.manager.naf.lsd.ufcg.edu.br
LT52150662008283CUB00,running,2017-06-01 16:50:51.929329,1496335851.92933,experimento.manager.naf.lsd.ufcg.edu.br
LT52160652004071CUB00,running,2017-06-01 16:51:32.677475,1496335892.67747,experimento.manager.naf.lsd.ufcg.edu.br
LT52150662004096CUB00,finished,2017-06-01 16:53:02.872976,1496335982.87298,experimento.manager.naf.lsd.ufcg.edu.br
LT52160661994187CUB00,running,2017-06-01 16:53:13.441306,1496335993.44131,experimento.manager.naf.lsd.ufcg.edu.br
LT52160651989093CUB00,finished,2017-06-01 16:56:43.920399,1496336203.9204,experimento.manager.naf.lsd.ufcg.edu.br
LT52160661998278CUB00,running,2017-06-01 16:56:54.477462,1496336214.47746,experimento.manager.naf.lsd.ufcg.edu.br
LT52160662004215CUB00,finished,2017-06-01 16:57:54.630324,1496336274.63032,experimento.manager.naf.lsd.ufcg.edu.br
LT52160661998294CUB00,running,2017-06-01 16:58:05.178399,1496336285.1784,experimento.manager.naf.lsd.ufcg.edu.br
LT52150662006309CUB00,finished,2017-06-01 17:03:25.904277,1496336605.90428,experimento.manager.naf.lsd.ufcg.edu.br
LT52160662004087CUB00,running,2017-06-01 17:03:36.52687,1496336616.52687,experimento.manager.naf.lsd.ufcg.edu.br
LT52150662008267CUB00,running,2017-06-01 17:07:17.466271,1496336837.46627,experimento.manager.naf.lsd.ufcg.edu.br
LT52160661996177CUB00,finished,2017-06-01 17:14:38.445344,1496337278.44534,experimento.manager.naf.lsd.ufcg.edu.br
LT52160661994187CUB00,running,2017-06-01 17:14:48.966107,1496337288.96611,experimento.manager.naf.lsd.ufcg.edu.br
LT52160662006220CUB00,finished,2017-06-01 17:20:19.721302,1496337619.7213,experimento.manager.naf.lsd.ufcg.edu.br
LT52150662001055CUB00,running,2017-06-01 17:20:30.222874,1496337630.22287,experimento.manager.naf.lsd.ufcg.edu.br
LT52160662006348CUB00,finished,2017-06-01 17:23:50.685219,1496337830.68522,experimento.manager.naf.lsd.ufcg.edu.br
LT52160662004311CUB00,running,2017-06-01 17:24:01.224645,1496337841.22464,experimento.manager.naf.lsd.ufcg.edu.br
LT52150662008075CUB00,finished,2017-06-01 17:25:31.448362,1496337931.44836,experimento.manager.naf.lsd.ufcg.edu.br
LT52160662009308CUB00,running,2017-06-01 17:25:42.012757,1496337942.01276,experimento.manager.naf.lsd.ufcg.edu.br
LT52150662008059CUB00,finished,2017-06-01 17:25:52.041523,1496337952.04152,experimento.manager.naf.lsd.ufcg.edu.br
LT52160661995094CUB00,running,2017-06-01 17:26:02.553558,1496337962.55356,experimento.manager.naf.lsd.ufcg.edu.br
LT52170662009187CUB00,running,2017-06-01 17:26:12.581861,1496337972.58186,manager.naf.ufscar.br
LT52150662008363CUB00,running,2017-06-01 17:29:13.438302,1496338153.4383,experimento.manager.naf.lsd.ufcg.edu.br
LT52170641986348CUB00,running,2017-06-01 17:29:13.451976,1496338153.45198,manager.naf.ufscar.br
LT52170641990215CUB00,running,2017-06-01 17:31:13.764199,1496338273.7642,manager.naf.ufscar.br
LT52160661997195CUB00,finished,2017-06-01 17:32:13.922086,1496338333.92209,experimento.manager.naf.lsd.ufcg.edu.br
LT52160661994187CUB00,running,2017-06-01 17:32:24.403842,1496338344.40384,experimento.manager.naf.lsd.ufcg.edu.br
LT52170641998269CUB00,running,2017-06-01 17:33:14.554388,1496338394.55439,manager.naf.ufscar.br
LT52170642001213CUB00,finished,2017-06-01 17:33:14.578646,1496338394.57865,manager.naf.ufscar.br
LT52170651994002CUB00,finished,2017-06-01 17:34:14.958136,1496338454.95814,manager.naf.ufscar.br
LT52170662006147CUB00,running,2017-06-01 17:34:15.334493,1496338455.33449,manager.naf.ufscar.br
LT52170641994146CUB00,running,2017-06-01 17:38:15.941699,1496338695.9417,manager.naf.ufscar.br
LT52160662000300CUB00,finished,2017-06-01 17:39:06.101009,1496338746.10101,experimento.manager.naf.lsd.ufcg.edu.br
LT52160652008178CUB00,running,2017-06-01 17:39:17.409953,1496338757.40995,experimento.manager.naf.lsd.ufcg.edu.br
LT52170642008361CUB00,finished,2017-06-01 17:45:38.444387,1496339138.44439,manager.naf.ufscar.br
LT52150662006053CUB00,running,2017-06-01 17:47:00.336063,1496339220.33606,experimento.manager.naf.lsd.ufcg.edu.br
LT52170642009187CUB00,running,2017-06-01 17:47:20.387127,1496339240.38713,manager.naf.ufscar.br
LT52170642009299CUB00,running,2017-06-01 17:48:20.567581,1496339300.56758,manager.naf.ufscar.br
LT52160661994187CUB00,running,2017-06-01 17:49:40.781765,1496339380.78176,experimento.manager.naf.lsd.ufcg.edu.br
LT52170642007262CUB00,running,2017-06-01 17:50:20.902254,1496339420.90225,manager.naf.ufscar.br
LT52160652003228CUB00,finished,2017-06-01 17:54:01.562694,1496339641.56269,experimento.manager.naf.lsd.ufcg.edu.br
LT52150662009301CUB00,running,2017-06-01 17:54:13.297752,1496339653.29775,experimento.manager.naf.lsd.ufcg.edu.br
LT52170642009155CUB00,running,2017-06-01 17:54:23.3327,1496339663.3327,manager.naf.ufscar.br
LT52170641994194CUB00,running,2017-06-01 17:56:23.692752,1496339783.69275,manager.naf.ufscar.br
LT52170652003187CUB00,running,2017-06-01 17:57:23.876099,1496339843.8761,manager.naf.ufscar.br
LT52170651998253CUB00,running,2017-06-01 17:58:34.13196,1496339914.13196,manager.naf.ufscar.br
LT52170651998173CUB00,running,2017-06-01 17:59:34.345702,1496339974.3457,manager.naf.ufscar.br
LT52150662000037CUB00,finished,2017-06-01 17:59:34.364729,1496339974.36473,experimento.manager.naf.lsd.ufcg.edu.br
LT52160662008226CUB00,running,2017-06-01 17:59:44.873638,1496339984.87364,experimento.manager.naf.lsd.ufcg.edu.br
LT52170652001229CUB00,running,2017-06-01 18:01:35.225421,1496340095.22542,manager.naf.ufscar.br
LT52170662009187CUB00,finished,2017-06-01 18:01:55.309754,1496340115.30975,manager.naf.ufscar.br
LT52170642001229CUB00,running,2017-06-01 18:02:35.759774,1496340155.75977,manager.naf.ufscar.br
LT52170651994322CUB00,running,2017-06-01 18:04:36.167321,1496340276.16732,manager.naf.ufscar.br
LT52160652004183CUB00,finished,2017-06-01 18:06:06.48423,1496340366.48423,experimento.manager.naf.lsd.ufcg.edu.br
LT52150662008315CUB00,running,2017-06-01 18:06:16.601039,1496340376.60104,experimento.manager.naf.lsd.ufcg.edu.br
LT52160661999313CUB00,running,2017-06-01 18:07:06.933323,1496340426.93332,experimento.manager.naf.lsd.ufcg.edu.br
LT52170662006147CUB00,finished,2017-06-01 18:07:27.022451,1496340447.02245,manager.naf.ufscar.br
LT52170651994354CUB00,running,2017-06-01 18:07:37.178293,1496340457.17829,manager.naf.ufscar.br
LT52150662007024CUB00,finished,2017-06-01 18:10:07.733464,1496340607.73346,experimento.manager.naf.lsd.ufcg.edu.br
LT52160661994187CUB00,running,2017-06-01 18:10:17.877595,1496340617.87759,experimento.manager.naf.lsd.ufcg.edu.br
LT52150662008331CUB00,finished,2017-06-01 18:18:39.623185,1496341119.62318,experimento.manager.naf.lsd.ufcg.edu.br
LT52160651996273CUB00,running,2017-06-01 18:18:49.763578,1496341129.76358,experimento.manager.naf.lsd.ufcg.edu.br
LT52160652004071CUB00,finished,2017-06-01 18:21:50.384867,1496341310.38487,experimento.manager.naf.lsd.ufcg.edu.br
LT52160661995014CUB00,running,2017-06-01 18:22:00.512888,1496341320.51289,experimento.manager.naf.lsd.ufcg.edu.br
LT52160652004135CUB00,running,2017-06-01 18:24:51.200803,1496341491.2008,experimento.manager.naf.lsd.ufcg.edu.br
LT52160651999329CUB00,finished,2017-06-01 18:25:11.253478,1496341511.25348,experimento.manager.naf.lsd.ufcg.edu.br
LT52160661994187CUB00,running,2017-06-01 18:25:21.39148,1496341521.39148,experimento.manager.naf.lsd.ufcg.edu.br
LT52150662008267CUB00,finished,2017-06-01 18:25:21.429929,1496341521.42993,experimento.manager.naf.lsd.ufcg.edu.br
LT52160661999329CUB00,running,2017-06-01 18:25:31.561477,1496341531.56148,experimento.manager.naf.lsd.ufcg.edu.br
LT52160651995270CUB00,running,2017-06-01 18:34:33.569877,1496342073.56988,experimento.manager.naf.lsd.ufcg.edu.br
LT52160651996273CUB00,running,2017-06-01 18:36:04.015657,1496342164.01566,experimento.manager.naf.lsd.ufcg.edu.br
LT52170641986348CUB00,finished,2017-06-01 18:39:24.716427,1496342364.71643,manager.naf.ufscar.br
LT52170652001213CUB00,running,2017-06-01 18:39:34.880491,1496342374.88049,manager.naf.ufscar.br
LT52160661995014CUB00,running,2017-06-01 18:42:55.702801,1496342575.7028,experimento.manager.naf.lsd.ufcg.edu.br
LT52170641998269CUB00,finished,2017-06-01 18:50:37.28975,1496343037.28975,manager.naf.ufscar.br
LT52170641996328CUB00,running,2017-06-01 18:50:47.471872,1496343047.47187,manager.naf.ufscar.br
LT52170651998173CUB00,finished,2017-06-01 18:51:37.689513,1496343097.68951,manager.naf.ufscar.br
LT52170651995229CUB00,running,2017-06-01 18:51:47.837502,1496343107.8375,manager.naf.ufscar.br
LT52170651994354CUB00,finished,2017-06-01 18:57:49.076716,1496343469.07672,manager.naf.ufscar.br
LT52170651995293CUB00,running,2017-06-01 18:57:59.316741,1496343479.31674,manager.naf.ufscar.br
LT52170642009187CUB00,finished,2017-06-01 19:00:59.90295,1496343659.90295,manager.naf.ufscar.br
LT52170642000195CUB00,running,2017-06-01 19:01:10.121271,1496343670.12127,manager.naf.ufscar.br
LT52170652003187CUB00,finished,2017-06-01 19:02:00.276832,1496343720.27683,manager.naf.ufscar.br
LT52170651995357CUB00,running,2017-06-01 19:02:10.482746,1496343730.48275,manager.naf.ufscar.br
LT52150662001055CUB00,finished,2017-06-01 19:06:31.385164,1496343991.38516,experimento.manager.naf.lsd.ufcg.edu.br
LT52160661994187CUB00,running,2017-06-01 19:06:41.550654,1496344001.55065,experimento.manager.naf.lsd.ufcg.edu.br
LT52170642007262CUB00,finished,2017-06-01 19:07:21.705311,1496344041.70531,manager.naf.ufscar.br
LT52170641996184CUB00,running,2017-06-01 19:07:31.9044,1496344051.9044,manager.naf.ufscar.br
LT52170641990215CUB00,finished,2017-06-01 19:07:31.933269,1496344051.93327,manager.naf.ufscar.br
LT52170642001325CUB00,running,2017-06-01 19:07:42.112271,1496344062.11227,manager.naf.ufscar.br
LT52170641994146CUB00,finished,2017-06-01 19:07:42.149877,1496344062.14988,manager.naf.ufscar.br
LT52170651996056CUB00,running,2017-06-01 19:07:52.341644,1496344072.34164,manager.naf.ufscar.br
LT52160662004087CUB00,finished,2017-06-01 19:11:02.960643,1496344262.96064,experimento.manager.naf.lsd.ufcg.edu.br
LT52160661999361CUB00,running,2017-06-01 19:11:13.132291,1496344273.13229,experimento.manager.naf.lsd.ufcg.edu.br
LT52170642009155CUB00,finished,2017-06-01 19:12:03.305686,1496344323.30569,manager.naf.ufscar.br
LT52160661998278CUB00,finished,2017-06-01 19:12:13.49386,1496344333.49386,experimento.manager.naf.lsd.ufcg.edu.br
LT52170641995133CUB00,running,2017-06-01 19:12:13.595618,1496344333.59562,manager.naf.ufscar.br
LT52150662009285CUB00,running,2017-06-01 19:12:23.657436,1496344343.65744,experimento.manager.naf.lsd.ufcg.edu.br
LT52170652001229CUB00,finished,2017-06-01 19:14:04.030272,1496344444.03027,manager.naf.ufscar.br
LT52170662006211CUB00,running,2017-06-01 19:14:14.247997,1496344454.248,manager.naf.ufscar.br
LT52170651998253CUB00,finished,2017-06-01 19:15:24.515959,1496344524.51596,manager.naf.ufscar.br
LT52170642008297CUB00,running,2017-06-01 19:15:34.737433,1496344534.73743,manager.naf.ufscar.br
LT52160662009308CUB00,finished,2017-06-01 19:16:44.980778,1496344604.98078,experimento.manager.naf.lsd.ufcg.edu.br
LT52160652005089CUB00,running,2017-06-01 19:16:55.14679,1496344615.14679,experimento.manager.naf.lsd.ufcg.edu.br
LT52150662003301CUB00,running,2017-06-01 19:23:56.684172,1496345036.68417,experimento.manager.naf.lsd.ufcg.edu.br
LT52170651994322CUB00,finished,2017-06-01 19:25:37.005565,1496345137.00556,manager.naf.ufscar.br
LT52170652003203CUB00,running,2017-06-01 19:25:47.217632,1496345147.21763,manager.naf.ufscar.br
LT52170642001229CUB00,finished,2017-06-01 19:26:07.301935,1496345167.30193,manager.naf.ufscar.br
LT52170651996232CUB00,running,2017-06-01 19:26:17.463636,1496345177.46364,manager.naf.ufscar.br
LT52160662004311CUB00,finished,2017-06-01 19:26:27.504397,1496345187.5044,experimento.manager.naf.lsd.ufcg.edu.br
LT52160661994187CUB00,running,2017-06-01 19:26:37.650118,1496345197.65012,experimento.manager.naf.lsd.ufcg.edu.br
LT52150662009301CUB00,finished,2017-06-01 19:28:38.086174,1496345318.08617,experimento.manager.naf.lsd.ufcg.edu.br
LT52150662006277CUB00,running,2017-06-01 19:28:48.240253,1496345328.24025,experimento.manager.naf.lsd.ufcg.edu.br
LT52170652001213CUB00,finished,2017-06-01 19:30:08.509119,1496345408.50912,manager.naf.ufscar.br
LT52170662003251CUB00,running,2017-06-01 19:30:18.69768,1496345418.69768,manager.naf.ufscar.br
LT52170641994194CUB00,finished,2017-06-01 19:33:19.276702,1496345599.2767,manager.naf.ufscar.br
LT52170662009299CUB00,running,2017-06-01 19:33:29.451686,1496345609.45169,manager.naf.ufscar.br
LT52150662008315CUB00,finished,2017-06-01 19:34:09.592645,1496345649.59264,experimento.manager.naf.lsd.ufcg.edu.br
LT52150662008299CUB00,running,2017-06-01 19:34:19.768101,1496345659.7681,experimento.manager.naf.lsd.ufcg.edu.br
LT52150662006053CUB00,finished,2017-06-01 19:37:20.308189,1496345840.30819,experimento.manager.naf.lsd.ufcg.edu.br
LT52160661994299CUB00,running,2017-06-01 19:37:30.442706,1496345850.44271,experimento.manager.naf.lsd.ufcg.edu.br
LT52160652008178CUB00,finished,2017-06-01 19:38:30.668027,1496345910.66803,experimento.manager.naf.lsd.ufcg.edu.br
LT52150662008203CUB00,running,2017-06-01 19:38:40.829208,1496345920.82921,experimento.manager.naf.lsd.ufcg.edu.br
LT52170651995229CUB00,finished,2017-06-01 19:40:01.108827,1496346001.10883,manager.naf.ufscar.br
LT52170642009299CUB00,finished,2017-06-01 19:40:01.278693,1496346001.27869,manager.naf.ufscar.br
LT52170652003315CUB00,running,2017-06-01 19:40:11.454176,1496346011.45418,manager.naf.ufscar.br
LT52170651996360CUB00,running,2017-06-01 19:40:11.467807,1496346011.46781,manager.naf.ufscar.br
LT52160652008034CUB00,running,2017-06-01 19:41:51.931204,1496346111.9312,experimento.manager.naf.lsd.ufcg.edu.br
LT52160661995094CUB00,finished,2017-06-01 19:45:22.693446,1496346322.69345,experimento.manager.naf.lsd.ufcg.edu.br
LT52160661994187CUB00,running,2017-06-01 19:45:32.84968,1496346332.84968,experimento.manager.naf.lsd.ufcg.edu.br
LT52150662008363CUB00,finished,2017-06-01 19:47:13.213081,1496346433.21308,experimento.manager.naf.lsd.ufcg.edu.br
LT52160661997323CUB00,running,2017-06-01 19:47:23.358928,1496346443.35893,experimento.manager.naf.lsd.ufcg.edu.br
LT52170651995293CUB00,finished,2017-06-01 19:48:03.521887,1496346483.52189,manager.naf.ufscar.br
LT52170642009075CUB00,running,2017-06-01 19:48:13.702241,1496346493.70224,manager.naf.ufscar.br
LT52170662006211CUB00,finished,2017-06-01 19:48:33.751486,1496346513.75149,manager.naf.ufscar.br
LT52170661988130CUB00,running,2017-06-01 19:48:43.925072,1496346523.92507,manager.naf.ufscar.br
LT52160662008226CUB00,finished,2017-06-01 19:49:24.084132,1496346564.08413,experimento.manager.naf.lsd.ufcg.edu.br
LT52160662008274CUB00,running,2017-06-01 19:49:34.235291,1496346574.23529,experimento.manager.naf.lsd.ufcg.edu.br
LT52160661998294CUB00,finished,2017-06-01 19:50:24.503014,1496346624.50301,experimento.manager.naf.lsd.ufcg.edu.br
LT52150661995359CUB00,running,2017-06-01 19:50:34.642967,1496346634.64297,experimento.manager.naf.lsd.ufcg.edu.br
LT52160662003228CUB00,finished,2017-06-01 19:51:04.756045,1496346664.75605,experimento.manager.naf.lsd.ufcg.edu.br
LT52160661994283CUB00,running,2017-06-01 19:51:14.933389,1496346674.93339,experimento.manager.naf.lsd.ufcg.edu.br
LT52160651996273CUB00,finished,2017-06-01 19:54:05.513755,1496346845.51376,experimento.manager.naf.lsd.ufcg.edu.br
LT52160652009100CUB00,running,2017-06-01 19:54:15.690903,1496346855.6909,experimento.manager.naf.lsd.ufcg.edu.br
LT52160661999329CUB00,finished,2017-06-01 19:54:55.830502,1496346895.8305,experimento.manager.naf.lsd.ufcg.edu.br
LT52160662008258CUB00,running,2017-06-01 19:55:05.963084,1496346905.96308,experimento.manager.naf.lsd.ufcg.edu.br
LT52150662008283CUB00,finished,2017-06-01 19:56:06.207706,1496346966.20771,experimento.manager.naf.lsd.ufcg.edu.br
LT52160662009084CUB00,running,2017-06-01 19:56:16.349398,1496346976.3494,experimento.manager.naf.lsd.ufcg.edu.br
LT52160652004135CUB00,finished,2017-06-01 19:58:56.892115,1496347136.89212,experimento.manager.naf.lsd.ufcg.edu.br
LT52160661994043CUB00,running,2017-06-01 19:59:07.018523,1496347147.01852,experimento.manager.naf.lsd.ufcg.edu.br
LT52160651995270CUB00,finished,2017-06-01 19:59:47.150469,1496347187.15047,experimento.manager.naf.lsd.ufcg.edu.br
LT52170651995357CUB00,finished,2017-06-01 19:59:47.253467,1496347187.25347,manager.naf.ufscar.br
LT52170661986284CUB00,running,2017-06-01 19:59:57.534321,1496347197.53432,manager.naf.ufscar.br
LT52170661988114CUB00,running,2017-06-01 20:03:08.19718,1496347388.19718,manager.naf.ufscar.br
LT52170662003251CUB00,finished,2017-06-01 20:03:08.233307,1496347388.23331,manager.naf.ufscar.br
LT52170651998157CUB00,running,2017-06-01 20:03:18.400582,1496347398.40058,manager.naf.ufscar.br
LT52170641996328CUB00,finished,2017-06-01 20:04:08.575889,1496347448.57589,manager.naf.ufscar.br
LT52170651999160CUB00,running,2017-06-01 20:04:18.745327,1496347458.74533,manager.naf.ufscar.br
LT52170662009299CUB00,finished,2017-06-01 20:10:19.919847,1496347819.91985,manager.naf.ufscar.br
LT52170652009139CUB00,running,2017-06-01 20:10:30.110446,1496347830.11045,manager.naf.ufscar.br
LT52170641996184CUB00,finished,2017-06-01 20:11:40.319043,1496347900.31904,manager.naf.ufscar.br
LT52170642000195CUB00,finished,2017-06-01 20:11:40.473448,1496347900.47345,manager.naf.ufscar.br
LT52170661987223CUB00,running,2017-06-01 20:11:50.616533,1496347910.61653,manager.naf.ufscar.br
LT52170642009267CUB00,running,2017-06-01 20:11:50.634157,1496347910.63416,manager.naf.ufscar.br
LT52170651996056CUB00,finished,2017-06-01 20:12:00.683926,1496347920.68393,manager.naf.ufscar.br
LT52170652005032CUB00,running,2017-06-01 20:12:10.859978,1496347930.85998,manager.naf.ufscar.br
LT52170641995133CUB00,finished,2017-06-01 20:16:11.675028,1496348171.67503,manager.naf.ufscar.br
LT52170661987255CUB00,running,2017-06-01 20:16:21.862944,1496348181.86294,manager.naf.ufscar.br
LT52160661994187CUB00,running,2017-06-01 20:19:12.574455,1496348352.57446,experimento.manager.naf.lsd.ufcg.edu.br
LT52160661995014CUB00,finished,2017-06-01 20:20:42.894472,1496348442.89447,experimento.manager.naf.lsd.ufcg.edu.br
LT52160661994043CUB00,running,2017-06-01 20:20:53.051033,1496348453.05103,experimento.manager.naf.lsd.ufcg.edu.br
LT52170661988130CUB00,finished,2017-06-01 20:22:53.471116,1496348573.47112,manager.naf.ufscar.br
LT52170661987271CUB00,running,2017-06-01 20:23:03.640475,1496348583.64048,manager.naf.ufscar.br
LT52170652003315CUB00,finished,2017-06-01 20:29:34.940692,1496348974.94069,manager.naf.ufscar.br
LT52170652004062CUB00,running,2017-06-01 20:29:45.088733,1496348985.08873,manager.naf.ufscar.br
LT52170642008297CUB00,finished,2017-06-01 20:30:55.354888,1496349055.35489,manager.naf.ufscar.br
LT52170652009251CUB00,running,2017-06-01 20:31:05.504251,1496349065.50425,manager.naf.ufscar.br
LT52170642001325CUB00,finished,2017-06-01 20:33:36.058068,1496349216.05807,manager.naf.ufscar.br
LT52170662004142CUB00,running,2017-06-01 20:33:46.225258,1496349226.22526,manager.naf.ufscar.br
LT52170661986284CUB00,finished,2017-06-01 20:36:06.645375,1496349366.64538,manager.naf.ufscar.br
LT52170662004158CUB00,running,2017-06-01 20:36:16.813957,1496349376.81396,manager.naf.ufscar.br
LT52170661988114CUB00,finished,2017-06-01 20:38:27.19754,1496349507.19754,manager.naf.ufscar.br
LT52170652005064CUB00,running,2017-06-01 20:38:37.357038,1496349517.35704,manager.naf.ufscar.br
LT52170652003203CUB00,finished,2017-06-01 20:39:27.550428,1496349567.55043,manager.naf.ufscar.br
LT52170662007070CUB00,running,2017-06-01 20:39:37.703613,1496349577.70361,manager.naf.ufscar.br
LT52160661999313CUB00,finished,2017-06-01 20:39:47.750357,1496349587.75036,experimento.manager.naf.lsd.ufcg.edu.br
LT52160661994187CUB00,running,2017-06-01 20:39:57.899725,1496349597.89972,experimento.manager.naf.lsd.ufcg.edu.br
LT52170661987223CUB00,finished,2017-06-01 20:47:09.338906,1496350029.33891,manager.naf.ufscar.br
LT52170641995309CUB00,running,2017-06-01 20:47:19.505068,1496350039.50507,manager.naf.ufscar.br
LT52150662003301CUB00,finished,2017-06-01 20:49:29.927429,1496350169.92743,experimento.manager.naf.lsd.ufcg.edu.br
LT52160661994043CUB00,running,2017-06-01 20:49:40.054832,1496350180.05483,experimento.manager.naf.lsd.ufcg.edu.br
LT52170651996360CUB00,finished,2017-06-01 20:52:00.519827,1496350320.51983,manager.naf.ufscar.br
LT52170661987255CUB00,finished,2017-06-01 20:52:10.684657,1496350330.68466,manager.naf.ufscar.br
LT52170652005112CUB00,running,2017-06-01 20:52:10.806134,1496350330.80613,manager.naf.ufscar.br
LT52170642000211CUB00,running,2017-06-01 20:52:20.847364,1496350340.84736,manager.naf.ufscar.br
LT52170642003187CUB00,running,2017-06-01 20:52:41.075163,1496350361.07516,manager.naf.ufscar.br
LT52170652005064CUB00,running,2017-06-01 20:53:51.406739,1496350431.40674,manager.naf.ufscar.br
LT52150662006277CUB00,finished,2017-06-01 20:57:52.297282,1496350672.29728,experimento.manager.naf.lsd.ufcg.edu.br
LT52160661999361CUB00,finished,2017-06-01 20:58:02.479441,1496350682.47944,experimento.manager.naf.lsd.ufcg.edu.br
LT52170662007070CUB00,running,2017-06-01 21:00:23.047092,1496350823.04709,manager.naf.ufscar.br
LT52170652003331CUB00,running,2017-06-01 21:01:03.607167,1496350863.60717,manager.naf.ufscar.br
LT52160661994299CUB00,finished,2017-06-01 21:06:34.568563,1496351194.56856,experimento.manager.naf.lsd.ufcg.edu.br
LT52170652005032CUB00,finished,2017-06-01 21:07:34.948664,1496351254.94866,manager.naf.ufscar.br
LT52170641995309CUB00,running,2017-06-01 21:07:45.268171,1496351265.26817,manager.naf.ufscar.br
LT52160661994187CUB00,running,2017-06-01 21:08:05.494757,1496351285.49476,experimento.manager.naf.lsd.ufcg.edu.br
LT52160661994043CUB00,running,2017-06-01 21:08:05.507731,1496351285.50773,experimento.manager.naf.lsd.ufcg.edu.br
LT52160652005089CUB00,finished,2017-06-01 21:08:25.590401,1496351305.5904,experimento.manager.naf.lsd.ufcg.edu.br
LT52170662004142CUB00,finished,2017-06-01 21:08:45.714973,1496351325.71497,manager.naf.ufscar.br
LT52170652003347CUB00,running,2017-06-01 21:08:55.855072,1496351335.85507,manager.naf.ufscar.br
LT52170662004158CUB00,finished,2017-06-01 21:11:56.415692,1496351516.41569,manager.naf.ufscar.br
LT52170652005128CUB00,running,2017-06-01 21:12:06.742107,1496351526.74211,manager.naf.ufscar.br
LT52170651999160CUB00,finished,2017-06-01 21:13:47.034173,1496351627.03417,manager.naf.ufscar.br
LT52170652005144CUB00,running,2017-06-01 21:13:57.372519,1496351637.37252,manager.naf.ufscar.br
LT52170652009139CUB00,finished,2017-06-01 21:15:17.61067,1496351717.61067,manager.naf.ufscar.br
LT52170652010030CUB00,running,2017-06-01 21:15:27.947818,1496351727.94782,manager.naf.ufscar.br
LT52150662008299CUB00,finished,2017-06-01 21:15:58.066681,1496351758.06668,experimento.manager.naf.lsd.ufcg.edu.br
LT52160662008258CUB00,finished,2017-06-01 21:16:28.30488,1496351788.30488,experimento.manager.naf.lsd.ufcg.edu.br
LT52170661987271CUB00,finished,2017-06-01 21:19:49.054917,1496351989.05492,manager.naf.ufscar.br
LT52170652010094CUB00,running,2017-06-01 21:19:59.587707,1496351999.58771,manager.naf.ufscar.br
LT52170652004062CUB00,finished,2017-06-01 21:20:39.716587,1496352039.71659,manager.naf.ufscar.br
LT52160662008274CUB00,finished,2017-06-01 21:23:10.424944,1496352190.42494,experimento.manager.naf.lsd.ufcg.edu.br
LT52170642009267CUB00,finished,2017-06-01 21:24:41.372522,1496352281.37252,manager.naf.ufscar.br
LT52160652009100CUB00,finished,2017-06-01 21:24:51.988964,1496352291.98896,experimento.manager.naf.lsd.ufcg.edu.br
LT52170652010110CUB00,running,2017-06-01 21:24:52.466271,1496352292.46627,manager.naf.ufscar.br
LT52160661997323CUB00,finished,2017-06-01 21:25:22.534157,1496352322.53416,experimento.manager.naf.lsd.ufcg.edu.br
LT52170662003283CUB00,running,2017-06-01 21:27:13.252748,1496352433.25275,manager.naf.ufscar.br
LT52150661995359CUB00,finished,2017-06-01 21:27:33.300925,1496352453.30093,experimento.manager.naf.lsd.ufcg.edu.br
LT52170652009251CUB00,finished,2017-06-01 21:29:04.369553,1496352544.36955,manager.naf.ufscar.br
LT52170651984151CUB00,running,2017-06-01 21:29:15.593748,1496352555.59375,manager.naf.ufscar.br
LT52160662009084CUB00,finished,2017-06-01 21:31:15.892278,1496352675.89228,experimento.manager.naf.lsd.ufcg.edu.br
LT52150662009285CUB00,finished,2017-06-01 21:33:16.692491,1496352796.69249,experimento.manager.naf.lsd.ufcg.edu.br
LT52160661994283CUB00,finished,2017-06-01 21:34:37.482933,1496352877.48293,experimento.manager.naf.lsd.ufcg.edu.br
LT52170651998157CUB00,finished,2017-06-01 21:35:08.145502,1496352908.1455,manager.naf.ufscar.br
LT52170652010046CUB00,running,2017-06-01 21:35:19.31274,1496352919.31274,manager.naf.ufscar.br
LT52170662007070CUB00,finished,2017-06-01 21:39:19.804354,1496353159.80435,manager.naf.ufscar.br
LT52170662003331CUB00,running,2017-06-01 21:39:31.219993,1496353171.21999,manager.naf.ufscar.br
LT52160652008034CUB00,finished,2017-06-01 21:42:01.518086,1496353321.51809,experimento.manager.naf.lsd.ufcg.edu.br
LT52170652004174CUB00,running,2017-06-01 21:46:04.714389,1496353564.71439,manager.naf.ufscar.br
LT52170652005064CUB00,finished,2017-06-01 21:47:35.988105,1496353655.98811,manager.naf.ufscar.br
LT52170652003347CUB00,running,2017-06-01 21:47:47.567358,1496353667.56736,manager.naf.ufscar.br
LT52150662008203CUB00,finished,2017-06-01 21:49:27.759105,1496353767.7591,experimento.manager.naf.lsd.ufcg.edu.br
LT52170651999208CUB00,running,2017-06-01 21:52:30.121698,1496353950.1217,manager.naf.ufscar.br
LT52170652005128CUB00,finished,2017-06-01 22:03:51.389658,1496354631.38966,manager.naf.ufscar.br
LT52170651996232CUB00,running,2017-06-01 22:04:02.762569,1496354642.76257,manager.naf.ufscar.br
LT52170652004206CUB00,running,2017-06-01 22:08:14.756422,1496354894.75642,manager.naf.ufscar.br
LT52170651999208CUB00,running,2017-06-01 22:13:46.779952,1496355226.77995,manager.naf.ufscar.br
LT52170651984151CUB00,finished,2017-06-01 22:19:37.423006,1496355577.42301,manager.naf.ufscar.br
LT52170642009075CUB00,running,2017-06-01 22:22:29.928834,1496355749.92883,manager.naf.ufscar.br
LT52170652004206CUB00,running,2017-06-01 22:25:01.660701,1496355901.6607,manager.naf.ufscar.br
LT52170662003283CUB00,running,2017-06-01 22:25:33.521087,1496355933.52109,manager.naf.ufscar.br
LT52170652003347CUB00,running,2017-06-01 22:31:55.668437,1496356315.66844,manager.naf.ufscar.br
LT52170652005112CUB00,running,2017-06-01 22:32:57.449033,1496356377.44903,manager.naf.ufscar.br
LT52170652003331CUB00,running,2017-06-01 22:36:09.217095,1496356569.21709,manager.naf.ufscar.br
LT52170662003331CUB00,finished,2017-06-01 22:37:39.388839,1496356659.38884,manager.naf.ufscar.br
LT52170642009075CUB00,running,2017-06-01 22:37:50.980746,1496356670.98075,manager.naf.ufscar.br
LT52170652004174CUB00,finished,2017-06-01 22:39:51.186173,1496356791.18617,manager.naf.ufscar.br
LT52170642003187CUB00,finished,2017-06-01 22:40:01.936748,1496356801.93675,manager.naf.ufscar.br
LT52170642000211CUB00,running,2017-06-01 22:45:16.734612,1496357116.73461,manager.naf.ufscar.br
LT52170652005144CUB00,running,2017-06-01 22:45:36.776683,1496357136.77668,manager.naf.ufscar.br
LT52170652003347CUB00,running,2017-06-01 22:46:17.758457,1496357177.75846,manager.naf.ufscar.br
LT52170652004206CUB00,running,2017-06-01 22:48:07.929469,1496357287.92947,manager.naf.ufscar.br
LT52170652010094CUB00,finished,2017-06-01 22:49:48.105043,1496357388.10504,manager.naf.ufscar.br
LT52170652010110CUB00,finished,2017-06-01 22:52:39.17283,1496357559.17283,manager.naf.ufscar.br
LT52170651996232CUB00,finished,2017-06-01 22:54:20.111282,1496357660.11128,manager.naf.ufscar.br
LT52170662003283CUB00,finished,2017-06-01 22:57:01.158659,1496357821.15866,manager.naf.ufscar.br
LT52170641995309CUB00,finished,2017-06-01 23:08:23.868128,1496358503.86813,manager.naf.ufscar.br
LT52170652010046CUB00,finished,2017-06-01 23:16:35.377489,1496358995.37749,manager.naf.ufscar.br
LT52170652005112CUB00,finished,2017-06-01 23:24:47.925092,1496359487.92509,manager.naf.ufscar.br
LT52170652003331CUB00,finished,2017-06-01 23:27:40.188961,1496359660.18896,manager.naf.ufscar.br
LT52170652010030CUB00,running,2017-06-01 23:27:51.435936,1496359671.43594,manager.naf.ufscar.br
LT52170642009075CUB00,finished,2017-06-01 23:42:12.010771,1496360532.01077,manager.naf.ufscar.br
LT52170642000211CUB00,finished,2017-06-01 23:43:23.159543,1496360603.15954,manager.naf.ufscar.br
LT52170652005144CUB00,finished,2017-06-01 23:47:34.299098,1496360854.2991,manager.naf.ufscar.br
LT52160661994043CUB00,running,2017-06-01 23:56:25.656873,1496361385.65687,experimento.manager.naf.lsd.ufcg.edu.br
LT52160661994187CUB00,running,2017-06-02 00:01:35.813588,1496361695.81359,experimento.manager.naf.lsd.ufcg.edu.br
LT52170652010030CUB00,finished,2017-06-02 00:19:29.277684,1496362769.27768,manager.naf.ufscar.br
LT52160661994043CUB00,running,2017-06-02 00:23:30.547291,1496363010.54729,experimento.manager.naf.lsd.ufcg.edu.br
LT52170651999208CUB00,running,2017-06-02 00:26:11.727782,1496363171.72778,manager.naf.ufscar.br
LT52160661994043CUB00,running,2017-06-02 00:43:13.160605,1496364193.1606,experimento.manager.naf.lsd.ufcg.edu.br
LT52150662006133CUB00,running,2017-06-02 00:55:53.43646,1496364953.43646,experimento.manager.naf.lsd.ufcg.edu.br
LT52160652009292CUB00,running,2017-06-02 00:57:53.497637,1496365073.49764,experimento.manager.naf.lsd.ufcg.edu.br
LT52150662004240CUB00,running,2017-06-02 00:59:53.573858,1496365193.57386,experimento.manager.naf.lsd.ufcg.edu.br
LT52160652010087CUB00,running,2017-06-02 01:03:54.804019,1496365434.80402,experimento.manager.naf.lsd.ufcg.edu.br
LT52150662002026CUB00,running,2017-06-02 01:06:04.896848,1496365564.89685,experimento.manager.naf.lsd.ufcg.edu.br
LT52160651989285CUB00,running,2017-06-02 01:10:05.088098,1496365805.0881,experimento.manager.naf.lsd.ufcg.edu.br
LT52160652006316CUB00,running,2017-06-02 01:12:05.210868,1496365925.21087,experimento.manager.naf.lsd.ufcg.edu.br
LT52160661994187CUB00,running,2017-06-02 01:14:05.338107,1496366045.33811,experimento.manager.naf.lsd.ufcg.edu.br
LT52160661994043CUB00,running,2017-06-02 01:14:05.357326,1496366045.35733,experimento.manager.naf.lsd.ufcg.edu.br
LT52160652009276CUB00,running,2017-06-02 01:14:05.370853,1496366045.37085,experimento.manager.naf.lsd.ufcg.edu.br
LT52150661994340CUB00,running,2017-06-02 01:16:15.520988,1496366175.52099,experimento.manager.naf.lsd.ufcg.edu.br
LT52150662000325CUB00,running,2017-06-02 01:18:15.703284,1496366295.70328,experimento.manager.naf.lsd.ufcg.edu.br
LT52170651999208CUB00,finished,2017-06-02 01:20:05.865312,1496366405.86531,manager.naf.ufscar.br
LT52160661994187CUB00,running,2017-06-02 01:31:59.985716,1496367119.98572,experimento.manager.naf.lsd.ufcg.edu.br
LT52160652005105CUB00,running,2017-06-02 01:32:00.003767,1496367120.00377,experimento.manager.naf.lsd.ufcg.edu.br
LT52160661994043CUB00,running,2017-06-02 01:42:50.836816,1496367770.83682,experimento.manager.naf.lsd.ufcg.edu.br
LT52170652003347CUB00,running,2017-06-02 01:43:30.913041,1496367810.91304,manager.naf.ufscar.br
LT52160662011218CUB00,running,2017-06-02 01:46:13.89249,1496367973.89249,experimento.manager.naf.lsd.ufcg.edu.br
LT52160661994187CUB00,running,2017-06-02 02:02:16.59202,1496368936.59202,experimento.manager.naf.lsd.ufcg.edu.br
LT52170652004206CUB00,running,2017-06-02 02:08:07.100358,1496369287.10036,manager.naf.ufscar.br
LT52160661994043CUB00,running,2017-06-02 02:15:59.784023,1496369759.78402,experimento.manager.naf.lsd.ufcg.edu.br
LT52160661994187CUB00,running,2017-06-02 02:32:33.428987,1496370753.42899,experimento.manager.naf.lsd.ufcg.edu.br
LT52160652009276CUB00,finished,2017-06-02 02:32:33.447969,1496370753.44797,experimento.manager.naf.lsd.ufcg.edu.br
LT52160661994043CUB00,running,2017-06-02 02:32:44.989168,1496370764.98917,experimento.manager.naf.lsd.ufcg.edu.br
LT52160651989285CUB00,finished,2017-06-02 02:39:15.553108,1496371155.55311,experimento.manager.naf.lsd.ufcg.edu.br
LT52150662000197CUB00,running,2017-06-02 02:39:27.195939,1496371167.19594,experimento.manager.naf.lsd.ufcg.edu.br
LT52160652010087CUB00,finished,2017-06-02 02:42:37.486169,1496371357.48617,experimento.manager.naf.lsd.ufcg.edu.br
LT52150661999194CUB00,running,2017-06-02 02:42:49.540607,1496371369.54061,experimento.manager.naf.lsd.ufcg.edu.br
LT52150662002026CUB00,finished,2017-06-02 02:44:59.754598,1496371499.7546,experimento.manager.naf.lsd.ufcg.edu.br
LT52150662004064CUB00,running,2017-06-02 02:45:11.467015,1496371511.46702,experimento.manager.naf.lsd.ufcg.edu.br
LT52150662006133CUB00,finished,2017-06-02 02:46:31.577231,1496371591.57723,experimento.manager.naf.lsd.ufcg.edu.br
LT52160651993040CUB00,running,2017-06-02 02:46:44.895334,1496371604.89533,experimento.manager.naf.lsd.ufcg.edu.br
LT52160651991051CUB00,running,2017-06-02 02:46:54.907068,1496371614.90707,experimento.manager.naf.lsd.ufcg.edu.br
LT52160661994187CUB00,running,2017-06-02 02:50:06.624323,1496371806.62432,experimento.manager.naf.lsd.ufcg.edu.br
LT52160652006316CUB00,finished,2017-06-02 02:50:06.635587,1496371806.63559,experimento.manager.naf.lsd.ufcg.edu.br
LT52160661994043CUB00,running,2017-06-02 02:50:18.126572,1496371818.12657,experimento.manager.naf.lsd.ufcg.edu.br
LT52160652009292CUB00,finished,2017-06-02 02:51:28.227377,1496371888.22738,experimento.manager.naf.lsd.ufcg.edu.br
LT52160651996161CUB00,running,2017-06-02 02:51:39.972396,1496371899.9724,experimento.manager.naf.lsd.ufcg.edu.br
LT52170641984343CUB00,running,2017-06-02 02:54:01.741591,1496372041.74159,experimento.manager.naf.lsd.ufcg.edu.br
LT52150662004240CUB00,finished,2017-06-02 02:54:11.778193,1496372051.77819,experimento.manager.naf.lsd.ufcg.edu.br
LT52150662000197CUB00,running,2017-06-02 02:54:23.197973,1496372063.19797,experimento.manager.naf.lsd.ufcg.edu.br
LT52150661994340CUB00,finished,2017-06-02 03:03:43.969457,1496372623.96946,experimento.manager.naf.lsd.ufcg.edu.br
LT52160651990096CUB00,running,2017-06-02 03:03:56.05922,1496372636.05922,experimento.manager.naf.lsd.ufcg.edu.br
LT52170641986140CUB00,running,2017-06-02 03:03:56.078184,1496372636.07818,experimento.manager.naf.lsd.ufcg.edu.br
LT52160661994187CUB00,running,2017-06-02 03:07:37.734122,1496372857.73412,experimento.manager.naf.lsd.ufcg.edu.br
LT52160661994043CUB00,running,2017-06-02 03:08:49.055256,1496372929.05526,experimento.manager.naf.lsd.ufcg.edu.br
LT52150662000325CUB00,finished,2017-06-02 03:11:19.276148,1496373079.27615,experimento.manager.naf.lsd.ufcg.edu.br
LT52150662000197CUB00,running,2017-06-02 03:11:30.584117,1496373090.58412,experimento.manager.naf.lsd.ufcg.edu.br
LT52160651991339CUB00,running,2017-06-02 03:12:20.665798,1496373140.6658,experimento.manager.naf.lsd.ufcg.edu.br
LT52160662009276CUB00,running,2017-06-02 03:21:32.646383,1496373692.64638,experimento.manager.naf.lsd.ufcg.edu.br
LT52160661994187CUB00,running,2017-06-02 03:22:32.742101,1496373752.7421,experimento.manager.naf.lsd.ufcg.edu.br
LT52160652005105CUB00,finished,2017-06-02 03:24:12.915961,1496373852.91596,experimento.manager.naf.lsd.ufcg.edu.br
LT52160652005009CUB00,running,2017-06-02 03:24:24.210616,1496373864.21062,experimento.manager.naf.lsd.ufcg.edu.br
LT52160652009132CUB00,running,2017-06-02 03:25:45.591495,1496373945.5915,experimento.manager.naf.lsd.ufcg.edu.br
LT52170652003347CUB00,running,2017-06-02 03:26:15.652435,1496373975.65244,manager.naf.ufscar.br
LT52150662000197CUB00,running,2017-06-02 03:26:36.740672,1496373996.74067,experimento.manager.naf.lsd.ufcg.edu.br
LT52170642003331CUB00,running,2017-06-02 03:29:57.095532,1496374197.09553,manager.naf.ufscar.br
LT52160662011218CUB00,finished,2017-06-02 03:33:17.453208,1496374397.45321,experimento.manager.naf.lsd.ufcg.edu.br
LT52160661994043CUB00,running,2017-06-02 03:33:28.273565,1496374408.27357,experimento.manager.naf.lsd.ufcg.edu.br
LT52150662005290CUB00,running,2017-06-02 03:39:59.750898,1496374799.7509,experimento.manager.naf.lsd.ufcg.edu.br
LT52160661994187CUB00,running,2017-06-02 03:40:30.578956,1496374830.57896,experimento.manager.naf.lsd.ufcg.edu.br
LT52170651991202CUB00,running,2017-06-02 03:42:50.827428,1496374970.82743,manager.naf.ufscar.br
LT52170652004334CUB00,running,2017-06-02 03:45:01.078753,1496375101.07875,manager.naf.ufscar.br
LT52170641995085CUB00,running,2017-06-02 03:52:01.892722,1496375521.89272,manager.naf.ufscar.br
LT52150662000197CUB00,running,2017-06-02 03:52:22.518353,1496375542.51835,experimento.manager.naf.lsd.ufcg.edu.br
LT52170641984343CUB00,finished,2017-06-02 03:54:13.476736,1496375653.47674,experimento.manager.naf.lsd.ufcg.edu.br
LT52160661994187CUB00,running,2017-06-02 03:54:24.080783,1496375664.08078,experimento.manager.naf.lsd.ufcg.edu.br
LT52160661994043CUB00,running,2017-06-02 03:54:24.094219,1496375664.09422,experimento.manager.naf.lsd.ufcg.edu.br
LT52150662008043CUB00,running,2017-06-02 03:59:54.781929,1496375994.78193,manager.naf.ufscar.br
LT52150662006117CUB00,running,2017-06-02 04:07:56.50895,1496376476.50895,experimento.manager.naf.lsd.ufcg.edu.br
LT52170652003347CUB00,running,2017-06-02 04:08:56.648555,1496376536.64856,manager.naf.ufscar.br
LT52170652005096CUB00,running,2017-06-02 04:08:56.664,1496376536.664,manager.naf.ufscar.br
LT52150662000197CUB00,running,2017-06-02 04:10:37.174562,1496376637.17456,experimento.manager.naf.lsd.ufcg.edu.br
LT52170652005304CUB00,running,2017-06-02 04:10:57.237134,1496376657.23713,manager.naf.ufscar.br
LT52160661994187CUB00,running,2017-06-02 04:11:37.515102,1496376697.5151,experimento.manager.naf.lsd.ufcg.edu.br
LT52170641986140CUB00,finished,2017-06-02 04:11:47.557645,1496376707.55765,experimento.manager.naf.lsd.ufcg.edu.br
LT52160661994043CUB00,running,2017-06-02 04:11:57.760585,1496376717.76059,experimento.manager.naf.lsd.ufcg.edu.br
LT52170652009059CUB00,running,2017-06-02 04:11:57.779441,1496376717.77944,manager.naf.ufscar.br
LT52160651991051CUB00,finished,2017-06-02 04:12:07.798688,1496376727.79869,experimento.manager.naf.lsd.ufcg.edu.br
LT52170652004206CUB00,running,2017-06-02 04:12:17.929869,1496376737.92987,manager.naf.ufscar.br
LT52160652009164CUB00,running,2017-06-02 04:12:17.943152,1496376737.94315,experimento.manager.naf.lsd.ufcg.edu.br
LT52170652009155CUB00,running,2017-06-02 04:14:58.352271,1496376898.35227,manager.naf.ufscar.br
LT52150662005242CUB00,running,2017-06-02 04:24:19.893637,1496377459.89364,experimento.manager.naf.lsd.ufcg.edu.br
LT52160651993040CUB00,finished,2017-06-02 04:24:19.908151,1496377459.90815,experimento.manager.naf.lsd.ufcg.edu.br
LT52150662000197CUB00,running,2017-06-02 04:24:30.008134,1496377470.00813,experimento.manager.naf.lsd.ufcg.edu.br
LT52160662011266CUB00,running,2017-06-02 04:25:20.313814,1496377520.31381,experimento.manager.naf.lsd.ufcg.edu.br
LT52150662004064CUB00,finished,2017-06-02 04:29:51.003403,1496377791.0034,experimento.manager.naf.lsd.ufcg.edu.br
LT52160661994187CUB00,running,2017-06-02 04:30:01.118027,1496377801.11803,experimento.manager.naf.lsd.ufcg.edu.br
LT52160651990096CUB00,finished,2017-06-02 04:30:11.156896,1496377811.1569,experimento.manager.naf.lsd.ufcg.edu.br
LT52160661996081CUB00,running,2017-06-02 04:30:21.452209,1496377821.45221,experimento.manager.naf.lsd.ufcg.edu.br
LT52150661999194CUB00,finished,2017-06-02 04:30:31.473123,1496377831.47312,experimento.manager.naf.lsd.ufcg.edu.br
LT52160651996161CUB00,finished,2017-06-02 04:30:31.577504,1496377831.5775,experimento.manager.naf.lsd.ufcg.edu.br
LT52150661996298CUB00,running,2017-06-02 04:30:31.679239,1496377831.67924,experimento.manager.naf.lsd.ufcg.edu.br
LT52160661994043CUB00,running,2017-06-02 04:30:41.695208,1496377841.69521,experimento.manager.naf.lsd.ufcg.edu.br
LT52160661994107CUB00,running,2017-06-02 04:30:41.712356,1496377841.71236,experimento.manager.naf.lsd.ufcg.edu.br
LT52170661995085CUB00,running,2017-06-02 04:31:41.98727,1496377901.98727,manager.naf.ufscar.br
LT52170642003331CUB00,finished,2017-06-02 04:37:32.869394,1496378252.86939,manager.naf.ufscar.br
LT52170652004206CUB00,running,2017-06-02 04:37:43.028128,1496378263.02813,manager.naf.ufscar.br
LT52160661999105CUB00,running,2017-06-02 04:38:53.361611,1496378333.36161,experimento.manager.naf.lsd.ufcg.edu.br
LT52170651991202CUB00,finished,2017-06-02 04:41:03.683349,1496378463.68335,manager.naf.ufscar.br
LT52170661996248CUB00,running,2017-06-02 04:41:13.822643,1496378473.82264,manager.naf.ufscar.br
LT52160662009276CUB00,finished,2017-06-02 04:42:13.973849,1496378533.97385,experimento.manager.naf.lsd.ufcg.edu.br
LT52150662000197CUB00,running,2017-06-02 04:42:24.120383,1496378544.12038,experimento.manager.naf.lsd.ufcg.edu.br
LT52170652004334CUB00,finished,2017-06-02 04:42:34.189766,1496378554.18977,manager.naf.ufscar.br
LT52170651995133CUB00,running,2017-06-02 04:42:44.305529,1496378564.30553,manager.naf.ufscar.br
LT52160651996177CUB00,running,2017-06-02 04:44:14.663929,1496378654.66393,experimento.manager.naf.lsd.ufcg.edu.br
LT52170651995149CUB00,running,2017-06-02 04:47:45.309063,1496378865.30906,manager.naf.ufscar.br
LT52160661994187CUB00,running,2017-06-02 04:48:05.464367,1496378885.46437,experimento.manager.naf.lsd.ufcg.edu.br
LT52160651991339CUB00,finished,2017-06-02 04:52:06.067973,1496379126.06797,experimento.manager.naf.lsd.ufcg.edu.br
LT52160661994043CUB00,running,2017-06-02 04:52:16.208181,1496379136.20818,experimento.manager.naf.lsd.ufcg.edu.br
LT52170652003347CUB00,running,2017-06-02 04:55:16.768349,1496379316.76835,manager.naf.ufscar.br
LT52150662003189CUB00,running,2017-06-02 04:56:37.113497,1496379397.1135,experimento.manager.naf.lsd.ufcg.edu.br
LT52170652005096CUB00,finished,2017-06-02 05:00:17.667194,1496379617.66719,manager.naf.ufscar.br
LT52170652004206CUB00,running,2017-06-02 05:00:27.773017,1496379627.77302,manager.naf.ufscar.br
LT52150662000197CUB00,running,2017-06-02 05:01:48.082244,1496379708.08224,experimento.manager.naf.lsd.ufcg.edu.br
LT52170641995085CUB00,finished,2017-06-02 05:03:18.328506,1496379798.32851,manager.naf.ufscar.br
LT52170651995165CUB00,running,2017-06-02 05:03:28.488246,1496379808.48825,manager.naf.ufscar.br
LT52170661995085CUB00,finished,2017-06-02 05:04:18.634143,1496379858.63414,manager.naf.ufscar.br
LT52170651995181CUB00,running,2017-06-02 05:04:28.769531,1496379868.76953,manager.naf.ufscar.br
LT52160652009132CUB00,finished,2017-06-02 05:05:18.912859,1496379918.91286,experimento.manager.naf.lsd.ufcg.edu.br
LT52160661994187CUB00,running,2017-06-02 05:05:29.037334,1496379929.03733,experimento.manager.naf.lsd.ufcg.edu.br
LT52170652009059CUB00,finished,2017-06-02 05:06:39.234635,1496379999.23464,manager.naf.ufscar.br
LT52170651995213CUB00,running,2017-06-02 05:06:49.374525,1496380009.37453,manager.naf.ufscar.br
LT52170652005304CUB00,finished,2017-06-02 05:09:39.948351,1496380179.94835,manager.naf.ufscar.br
LT52150662007040CUB00,running,2017-06-02 05:09:40.068334,1496380180.06833,experimento.manager.naf.lsd.ufcg.edu.br
LT52170651995309CUB00,running,2017-06-02 05:09:50.100192,1496380190.10019,manager.naf.ufscar.br
LT52170652009155CUB00,finished,2017-06-02 05:11:50.402626,1496380310.40263,manager.naf.ufscar.br
LT52170651999304CUB00,running,2017-06-02 05:12:00.566711,1496380320.56671,manager.naf.ufscar.br
LT52170661996248CUB00,finished,2017-06-02 05:15:01.00743,1496380501.00743,manager.naf.ufscar.br
LT52170652000035CUB00,running,2017-06-02 05:15:11.12874,1496380511.12874,manager.naf.ufscar.br
LT52160661994043CUB00,running,2017-06-02 05:15:31.307914,1496380531.30791,experimento.manager.naf.lsd.ufcg.edu.br
LT52170652008249CUB00,running,2017-06-02 05:17:51.785262,1496380671.78526,manager.naf.ufscar.br
LT52150662000197CUB00,running,2017-06-02 05:19:32.16616,1496380772.16616,experimento.manager.naf.lsd.ufcg.edu.br
LT52160652005009CUB00,finished,2017-06-02 05:24:52.977774,1496381092.97777,experimento.manager.naf.lsd.ufcg.edu.br
LT52160661994187CUB00,running,2017-06-02 05:25:03.096677,1496381103.09668,experimento.manager.naf.lsd.ufcg.edu.br
LT52150662008171CUB00,running,2017-06-02 05:33:14.432096,1496381594.4321,experimento.manager.naf.lsd.ufcg.edu.br
LT52150662000197CUB00,running,2017-06-02 05:33:44.720415,1496381624.72042,experimento.manager.naf.lsd.ufcg.edu.br
LT52160661994043CUB00,running,2017-06-02 05:33:44.735115,1496381624.73512,experimento.manager.naf.lsd.ufcg.edu.br
LT52170651995149CUB00,finished,2017-06-02 05:38:45.48801,1496381925.48801,manager.naf.ufscar.br
LT52170652004206CUB00,running,2017-06-02 05:38:55.627159,1496381935.62716,manager.naf.ufscar.br
LT52160652009164CUB00,finished,2017-06-02 05:38:55.640466,1496381935.64047,experimento.manager.naf.lsd.ufcg.edu.br
LT52150662008043CUB00,finished,2017-06-02 05:38:55.766244,1496381935.76624,manager.naf.ufscar.br
LT52160661994107CUB00,running,2017-06-02 05:39:05.913927,1496381945.91393,experimento.manager.naf.lsd.ufcg.edu.br
LT52170661986348CUB00,running,2017-06-02 05:39:05.962592,1496381945.96259,manager.naf.ufscar.br
LT52150662007200CUB00,running,2017-06-02 05:39:26.144112,1496381966.14411,experimento.manager.naf.lsd.ufcg.edu.br
LT52150662005290CUB00,finished,2017-06-02 05:41:46.492172,1496382106.49217,experimento.manager.naf.lsd.ufcg.edu.br
LT52160661994187CUB00,running,2017-06-02 05:41:56.61756,1496382116.61756,experimento.manager.naf.lsd.ufcg.edu.br
LT52150662005226CUB00,running,2017-06-02 05:47:47.61084,1496382467.61084,experimento.manager.naf.lsd.ufcg.edu.br
LT52170651995133CUB00,finished,2017-06-02 05:49:47.892158,1496382587.89216,manager.naf.ufscar.br
LT52170651996040CUB00,running,2017-06-02 05:49:58.042532,1496382598.04253,manager.naf.ufscar.br
LT52150662005242CUB00,finished,2017-06-02 05:53:08.519206,1496382788.51921,experimento.manager.naf.lsd.ufcg.edu.br
LT52150662000197CUB00,running,2017-06-02 05:53:18.643576,1496382798.64358,experimento.manager.naf.lsd.ufcg.edu.br
LT52160661996017CUB00,running,2017-06-02 05:53:28.787863,1496382808.78786,experimento.manager.naf.lsd.ufcg.edu.br
LT52170651995213CUB00,finished,2017-06-02 05:55:49.117507,1496382949.11751,manager.naf.ufscar.br
LT52170651996104CUB00,running,2017-06-02 05:55:59.253582,1496382959.25358,manager.naf.ufscar.br
LT52170651995165CUB00,finished,2017-06-02 05:56:29.450202,1496382989.4502,manager.naf.ufscar.br
LT52160661994043CUB00,running,2017-06-02 05:56:39.568885,1496382999.56889,experimento.manager.naf.lsd.ufcg.edu.br
LT52170651996136CUB00,running,2017-06-02 05:56:39.588676,1496382999.58868,manager.naf.ufscar.br
LT52160661996081CUB00,finished,2017-06-02 06:00:20.164037,1496383220.16404,experimento.manager.naf.lsd.ufcg.edu.br
LT52160661994187CUB00,running,2017-06-02 06:00:30.292263,1496383230.29226,experimento.manager.naf.lsd.ufcg.edu.br
LT52170651995181CUB00,finished,2017-06-02 06:04:50.954266,1496383490.95427,manager.naf.ufscar.br
LT52170651999304CUB00,finished,2017-06-02 06:05:01.073442,1496383501.07344,manager.naf.ufscar.br
LT52170651996152CUB00,running,2017-06-02 06:05:01.189365,1496383501.18936,manager.naf.ufscar.br
LT52150661996298CUB00,finished,2017-06-02 06:05:01.225487,1496383501.22549,experimento.manager.naf.lsd.ufcg.edu.br
LT52170651996184CUB00,running,2017-06-02 06:05:11.326304,1496383511.3263,manager.naf.ufscar.br
LT52160661996017CUB00,running,2017-06-02 06:07:41.896639,1496383661.89664,experimento.manager.naf.lsd.ufcg.edu.br
LT52170652008249CUB00,finished,2017-06-02 06:08:01.959172,1496383681.95917,manager.naf.ufscar.br
LT52170651995309CUB00,finished,2017-06-02 06:08:12.096723,1496383692.09672,manager.naf.ufscar.br
LT52170651996200CUB00,running,2017-06-02 06:08:12.249454,1496383692.24945,manager.naf.ufscar.br
LT52170651996248CUB00,running,2017-06-02 06:08:22.267902,1496383702.2679,manager.naf.ufscar.br
LT52160651996177CUB00,finished,2017-06-02 06:08:32.307857,1496383712.30786,experimento.manager.naf.lsd.ufcg.edu.br
LT52150662000197CUB00,running,2017-06-02 06:08:42.422501,1496383722.4225,experimento.manager.naf.lsd.ufcg.edu.br
LT52170651996296CUB00,running,2017-06-02 06:09:42.5786,1496383782.5786,manager.naf.ufscar.br
LT52160662011266CUB00,finished,2017-06-02 06:10:52.76398,1496383852.76398,experimento.manager.naf.lsd.ufcg.edu.br
LT52170652000035CUB00,finished,2017-06-02 06:11:42.947183,1496383902.94718,manager.naf.ufscar.br
LT52170651996312CUB00,running,2017-06-02 06:11:53.064298,1496383913.0643,manager.naf.ufscar.br
LT52150662006117CUB00,finished,2017-06-02 06:12:53.223358,1496383973.22336,experimento.manager.naf.lsd.ufcg.edu.br
LT52160661994187CUB00,running,2017-06-02 06:15:13.731644,1496384113.73164,experimento.manager.naf.lsd.ufcg.edu.br
LT52160661999105CUB00,finished,2017-06-02 06:16:44.046226,1496384204.04623,experimento.manager.naf.lsd.ufcg.edu.br
LT52160661994043CUB00,running,2017-06-02 06:24:05.394495,1496384645.3945,experimento.manager.naf.lsd.ufcg.edu.br
LT52160661996017CUB00,running,2017-06-02 06:24:05.408751,1496384645.40875,experimento.manager.naf.lsd.ufcg.edu.br
LT52150662000197CUB00,running,2017-06-02 06:24:15.439471,1496384655.43947,experimento.manager.naf.lsd.ufcg.edu.br
LT52150662003189CUB00,finished,2017-06-02 06:29:36.259441,1496384976.25944,experimento.manager.naf.lsd.ufcg.edu.br
LT52160661994187CUB00,running,2017-06-02 06:44:39.021928,1496385879.02193,experimento.manager.naf.lsd.ufcg.edu.br
LT52150662000197CUB00,running,2017-06-02 06:44:39.093219,1496385879.09322,experimento.manager.naf.lsd.ufcg.edu.br
LT52160661994043CUB00,running,2017-06-02 06:44:39.105519,1496385879.10552,experimento.manager.naf.lsd.ufcg.edu.br
LT52160661996017CUB00,running,2017-06-02 06:44:39.115224,1496385879.11522,experimento.manager.naf.lsd.ufcg.edu.br
LT52160661994107CUB00,running,2017-06-02 06:44:39.128937,1496385879.12894,experimento.manager.naf.lsd.ufcg.edu.br
LT52170651996104CUB00,finished,2017-06-02 06:46:19.34618,1496385979.34618,manager.naf.ufscar.br
LT52170652000163CUB00,running,2017-06-02 06:46:29.479127,1496385989.47913,manager.naf.ufscar.br
LT52170651996136CUB00,finished,2017-06-02 06:46:49.527312,1496386009.52731,manager.naf.ufscar.br
LT52170652001037CUB00,running,2017-06-02 06:46:59.770332,1496386019.77033,manager.naf.ufscar.br
LT52150662007040CUB00,finished,2017-06-02 06:52:20.468792,1496386340.46879,experimento.manager.naf.lsd.ufcg.edu.br
LT52170651996152CUB00,finished,2017-06-02 06:53:50.779652,1496386430.77965,manager.naf.ufscar.br
LT52170662002024CUB00,running,2017-06-02 06:54:01.157157,1496386441.15716,manager.naf.ufscar.br
LT52170651996184CUB00,finished,2017-06-02 06:56:21.439314,1496386581.43931,manager.naf.ufscar.br
LT52170652000195CUB00,running,2017-06-02 06:56:31.734168,1496386591.73417,manager.naf.ufscar.br
LT52170651996248CUB00,finished,2017-06-02 06:58:52.20112,1496386732.20112,manager.naf.ufscar.br
LT52170652000211CUB00,running,2017-06-02 06:59:02.578328,1496386742.57833,manager.naf.ufscar.br
LT52150662008171CUB00,finished,2017-06-02 06:59:52.883561,1496386792.88356,experimento.manager.naf.lsd.ufcg.edu.br
LT52170651996200CUB00,finished,2017-06-02 07:00:33.292073,1496386833.29207,manager.naf.ufscar.br
LT52170652009187CUB00,running,2017-06-02 07:00:43.862818,1496386843.86282,manager.naf.ufscar.br
LT52170651996296CUB00,finished,2017-06-02 07:00:43.878938,1496386843.87894,manager.naf.ufscar.br
LT52170661991010CUB00,running,2017-06-02 07:00:54.361046,1496386854.36105,manager.naf.ufscar.br
LT52170651996312CUB00,finished,2017-06-02 07:03:35.190193,1496387015.19019,manager.naf.ufscar.br
LT52170661991026CUB00,running,2017-06-02 07:03:45.860075,1496387025.86007,manager.naf.ufscar.br
LT52170661991042CUB00,running,2017-06-02 07:07:16.895006,1496387236.89501,manager.naf.ufscar.br
LT52150662007200CUB00,finished,2017-06-02 07:15:47.721596,1496387747.7216,experimento.manager.naf.lsd.ufcg.edu.br
LT52150662005226CUB00,finished,2017-06-02 07:24:58.97175,1496388298.97175,experimento.manager.naf.lsd.ufcg.edu.br
LT52170662002024CUB00,finished,2017-06-02 07:26:29.560159,1496388389.56016,manager.naf.ufscar.br
LT52170652003347CUB00,running,2017-06-02 07:26:40.430593,1496388400.43059,manager.naf.ufscar.br
LT52170661991010CUB00,finished,2017-06-02 07:34:51.939544,1496388891.93954,manager.naf.ufscar.br
LT52170661995277CUB00,running,2017-06-02 07:35:02.880964,1496388902.88096,manager.naf.ufscar.br
LT52170652001037CUB00,finished,2017-06-02 07:37:53.136155,1496389073.13615,manager.naf.ufscar.br
LT52170662002008CUB00,running,2017-06-02 07:38:04.153553,1496389084.15355,manager.naf.ufscar.br
LT52170652000163CUB00,finished,2017-06-02 07:38:14.182085,1496389094.18209,manager.naf.ufscar.br
LT52170662002040CUB00,running,2017-06-02 07:38:25.124803,1496389105.1248,manager.naf.ufscar.br
LT52170661991042CUB00,finished,2017-06-02 07:39:15.196295,1496389155.1963,manager.naf.ufscar.br
LT52170662006131CUB00,running,2017-06-02 07:39:26.431173,1496389166.43117,manager.naf.ufscar.br
LT52170652000195CUB00,finished,2017-06-02 07:46:16.98501,1496389576.98501,manager.naf.ufscar.br
LT52170651990247CUB00,running,2017-06-02 07:46:27.953002,1496389587.953,manager.naf.ufscar.br
LT52170652000211CUB00,finished,2017-06-02 07:50:08.244642,1496389808.24464,manager.naf.ufscar.br
LT52170652009187CUB00,finished,2017-06-02 07:52:59.565676,1496389979.56568,manager.naf.ufscar.br
LT52170661986348CUB00,running,2017-06-02 07:53:10.603207,1496389990.60321,manager.naf.ufscar.br
LT52170652003347CUB00,running,2017-06-02 08:02:42.568304,1496390562.5683,manager.naf.ufscar.br
LT52170651996040CUB00,running,2017-06-02 08:02:42.587079,1496390562.58708,manager.naf.ufscar.br
LT52170652004206CUB00,running,2017-06-02 08:04:33.354845,1496390673.35485,manager.naf.ufscar.br
LT52170661995277CUB00,finished,2017-06-02 08:08:03.608769,1496390883.60877,manager.naf.ufscar.br
LT52170662002008CUB00,finished,2017-06-02 08:12:04.479721,1496391124.47972,manager.naf.ufscar.br
LT52170662006131CUB00,finished,2017-06-02 08:12:15.157429,1496391135.15743,manager.naf.ufscar.br
LT52170662002040CUB00,finished,2017-06-02 08:12:25.770016,1496391145.77002,manager.naf.ufscar.br
LT52170661986348CUB00,finished,2017-06-02 08:26:28.26192,1496391988.26192,manager.naf.ufscar.br
LT52170651996040CUB00,finished,2017-06-02 08:52:50.847838,1496393570.84784,manager.naf.ufscar.br
LT52170661991026CUB00,running,2017-06-02 09:16:03.077104,1496394963.0771,manager.naf.ufscar.br
LT52160661994187CUB00,running,2017-06-02 09:16:33.097368,1496394993.09737,experimento.manager.naf.lsd.ufcg.edu.br
LT52160661996017CUB00,running,2017-06-02 09:16:33.108183,1496394993.10818,experimento.manager.naf.lsd.ufcg.edu.br
LT52160661994187CUB00,running,2017-06-02 09:30:44.476502,1496395844.4765,experimento.manager.naf.lsd.ufcg.edu.br
LT52160661994043CUB00,running,2017-06-02 09:30:44.48966,1496395844.48966,experimento.manager.naf.lsd.ufcg.edu.br
LT52150662000197CUB00,running,2017-06-02 09:32:44.586437,1496395964.58644,experimento.manager.naf.lsd.ufcg.edu.br
LT52160661994107CUB00,running,2017-06-02 09:41:55.615482,1496396515.61548,experimento.manager.naf.lsd.ufcg.edu.br
LT52160661994187CUB00,running,2017-06-02 09:45:06.416793,1496396706.41679,experimento.manager.naf.lsd.ufcg.edu.br
LT52170661991026CUB00,finished,2017-06-02 09:51:48.024422,1496397108.02442,manager.naf.ufscar.br
LT52160661994043CUB00,running,2017-06-02 09:53:09.070004,1496397189.07,experimento.manager.naf.lsd.ufcg.edu.br
LT52160661994267CUB00,running,2017-06-02 10:09:10.379928,1496398150.37993,experimento.manager.naf.lsd.ufcg.edu.br
LT52160661996017CUB00,running,2017-06-02 10:09:10.392616,1496398150.39262,experimento.manager.naf.lsd.ufcg.edu.br
LT52150662007216CUB00,running,2017-06-02 10:11:10.882256,1496398270.88226,experimento.manager.naf.lsd.ufcg.edu.br
LT52150662004160CUB00,running,2017-06-02 10:13:21.671058,1496398401.67106,experimento.manager.naf.lsd.ufcg.edu.br
LT52160661994187CUB00,running,2017-06-02 10:13:21.681544,1496398401.68154,experimento.manager.naf.lsd.ufcg.edu.br
LT52160661994043CUB00,running,2017-06-02 10:13:21.692324,1496398401.69232,experimento.manager.naf.lsd.ufcg.edu.br
LT52150662005306CUB00,running,2017-06-02 10:15:21.812972,1496398521.81297,experimento.manager.naf.lsd.ufcg.edu.br
LT52150662000197CUB00,running,2017-06-02 10:17:21.943124,1496398641.94312,experimento.manager.naf.lsd.ufcg.edu.br
LT52160651995078CUB00,running,2017-06-02 10:17:21.958658,1496398641.95866,experimento.manager.naf.lsd.ufcg.edu.br
LT52150662001359CUB00,running,2017-06-02 10:25:53.814661,1496399153.81466,experimento.manager.naf.lsd.ufcg.edu.br
